<!--
  ~ Copyright 2018. AppDynamics LLC and its affiliates.
  ~ All Rights Reserved.
  ~ This is unpublished proprietary source code of AppDynamics LLC and its affiliates.
  ~ The copyright notice above does not evidence any actual or intended publication of such source code.
  ~
  -->

<monitor>
    <name>NetScalerMonitor</name>
    <type>managed</type>
    <enabled>true</enabled>
    <description>Monitoring extension for Citrix NetScaler</description>
    <monitor-configuration>
    </monitor-configuration>
    <monitor-run-task>
        <name>NetScalerMonitor Run Task</name>
        <display-name>NetScalerMonitor Run Task</display-name>
        <description>NetScalerMonitor Run Task</description>
        <type>java</type>
        <execution-style>periodic</execution-style>
        <execution-frequency-in-seconds>60</execution-frequency-in-seconds>
        <execution-timeout-in-secs>60</execution-timeout-in-secs>
        <task-arguments>
            <!-- config file-->
            <argument name="config-file" is-required="true" default-value="monitors/NetScalerMonitor/config.yml" />
            <argument name="metric-file" is-required="true" default-value="monitors/NetScalerMonitor/metrics.xml" />
        </task-arguments>
        <java-task>
            <classpath>netscaler-monitoring-extension.jar</classpath>
            <impl-class>com.appdynamics.extensions.netscaler.NetScalerMonitor</impl-class>
        </java-task>
    </monitor-run-task>
</monitor>
